a11yamigos	test/amigos/a11y_alvos_amigos_test.dart
a11yconf	test/casca/acessibilidade_configuracoes_test.dart
a11yestados	test/casca/a11y_estados_anunciados_test.dart
admvip	test/torneios/admissao_vip_torneios_test.dart
appcheckandroid	test/casca/app_check_android_test.dart
audsocial	test/amigos/auditoria_descoberta_social_test.dart
avatarcanon	test/casca/avatar_publico_canonico_test.dart
avatarhml	test/casca/homologacao_avatar_publico_test.dart
casca	test/casca/casca_producao_test.dart
cascaaud	test/casca/auditoria_casca_test.dart
cascaligacao	test/casca/ligacao_mesa_caracterizacao_test.dart
cascaloja	test/casca/loja_de_producao_test.dart
cascamesa	test/casca/mesa_online_test.dart
cascamesaaud	test/casca/auditoria_mesa_online_test.dart
cascaporta	test/casca/porta_de_comandos_online_test.dart
cascav2	test/casca/homologacao_casca_v2_test.dart
cascavisao	test/casca/adaptador_visao_online_test.dart
chatdom	test/chat/chat_test.dart
colarte	test/colecoes/colecao_arte_test.dart
colevid	test/colecoes/evidencias_visuais_test.dart
colfire	test/colecoes/colecao_firebase_test.dart
colkit	test/colecoes/kit_pioneiros_test.dart
compavrank	test/composicao/composicao_avatar_ranking_test.dart
compnavpub	test/composicao/composicao_navegacao_publica_test.dart
composicao	test/composicao/composicao_perfil_ranking_test.dart
descadapt	test/descoberta/contrato_e_adaptador_test.dart
descestado	test/descoberta/estado_e_agente_test.dart
deschome	test/descoberta/presenca_na_home_test.dart
desclobby	test/descoberta/lobby_publico_test.dart
descstbl	test/descoberta/apresentacao_stbl_test.dart
encerr	test/teste_encerramento.dart
encpend	test/casca/encerramento_pendente_test.dart
encpendack	test/casca/homologacao_encerramento_pendente_ack_test.dart
encui	test/casca/encerramento_na_ui_test.dart
ingrassento	test/ingresso/escolha_assento_test.dart
ingrcontrato	test/ingresso/contrato_e_estado_test.dart
ingrnav	test/ingresso/navegacao_ingresso_test.dart
ingrtransp	test/ingresso/transporte_ingresso_test.dart
integr	test/integracao/teste_integracao_motores.dart
lojaa11y	test/casca/loja_a11y_comercial_test.dart
mesaa11y	test/casca/mesa_treino_a11y_test.dart
motor	test/teste_motor.dart
mtorneios	test/torneios/motor_torneios_test.dart
obscaptura	test/observabilidade/captura_test.dart
obsgatilho	test/observabilidade/gatilho_homologacao_test.dart
obsidentidade	test/observabilidade/identidade_manifesto_test.dart
obsredacao	test/observabilidade/redacao_test.dart
obsredurl	test/observabilidade/redacao_url_test.dart
ordemvisao	test/casca/ordem_da_visao_test.dart
perfilvis	test/perfil/identidade_visitada_test.dart
resil	test/teste_motor_resiliencia.dart
rkbarreira	test/ranking/barreira_temporal_ranking_test.dart
rkestado	test/ranking/estado_canonico_ranking_test.dart
rkleitor	test/ranking/leitor_ranking_real_test.dart
rknavpub	test/ranking/navegacao_perfil_publico_test.dart
rkpagina	test/ranking_page_test.dart
rkperfil	test/ranking/homologacao_perfil_publicavel_test.dart
rkregressao	test/ranking/regressao_leitor_ranking_test.dart
social	test/social/teste_social.dart
socialestado	test/amigos/estado_social_test.dart
socialleitor	test/amigos/leitor_social_test.dart
socialtela	test/amigos/descoberta_social_tela_test.dart
temavip	test/casca/tema_real_vip_ajustes_test.dart
torneiobase	test/torneios/fundacao_base_p_test.dart
torneios	test/torneios/reward_grants_test.dart
treinosan	test/mesa/saneamento_recompensa_treino_test.dart
